﻿<?xml version="1.0" encoding="utf-8"?>
<FinancialDisclosure>
  <Member>
    <Prefix>Hon.</Prefix>
    <Last>Allen</Last>
    <First>Richard W.</First>
    <Suffix />
    <FilingType>P</FilingType>
    <StateDst>GA12</StateDst>
    <Year>2025</Year>
    <FilingDate>1/16/2025</FilingDate>
    <DocID>20026537</DocID>
  </Member>
  <Member>
    <Prefix>Hon.</Prefix>
    <Last>Banks</Last>
    <First>James E Hon</First>
    <Suffix />
    <FilingType>E</FilingType>
    <StateDst>IN03</StateDst>
    <Year>2025</Year>
    <FilingDate>1/7/2025</FilingDate>
    <DocID>8220720</DocID>
  </Member>
  <Member>
    <Prefix>Hon.</Prefix>
    <Last>Beyer</Last>
    <First>Donald Sternoff</First>
    <Suffix>Jr</Suffix>
    <FilingType>P</FilingType>
    <StateDst>VA08</StateDst>
    <Year>2025</Year>
    <FilingDate>1/6/2025</FilingDate>
    <DocID>20026517</DocID>
  </Member>
  <Member>
    <Prefix>Hon.</Prefix>
    <Last>Bishop</Last>
    <First>Dan Daniel</First>
    <Suffix />
    <FilingType>T</FilingType>
    <StateDst>NC08</StateDst>
    <Year>2025</Year>
    <FilingDate>1/17/2025</FilingDate>
    <DocID>10063263</DocID>
  </Member>
  <Member>
    <Prefix>Hon.</Prefix>
    <Last>Blunt Rochester</Last>
    <First>Lisa</First>
    <Suffix />
    <FilingType>E</FilingType>
    <StateDst>DE00</StateDst>
    <Year>2025</Year>
    <FilingDate>1/21/2025</FilingDate>
    <DocID>8220725</DocID>
  </Member>
  <Member>
    <Prefix>Hon.</Prefix>
    <Last>Caraveo</Last>
    <First>Yadira</First>
    <Suffix />
    <FilingType>X</FilingType>
    <StateDst>CO08</StateDst>
    <Year>2025</Year>
    <FilingDate>1/13/2025</FilingDate>
    <DocID>30022470</DocID>
  </Member>
  <Member>
    <Prefix>Hon.</Prefix>
    <Last>Cartwright</Last>
    <First>Matt</First>
    <Suffix />
    <FilingType>X</FilingType>
    <StateDst>PA08</StateDst>
    <Year>2025</Year>
    <FilingDate>1/20/2025</FilingDate>
    <DocID>30022476</DocID>
  </Member>
  <Member>
    <Prefix />
    <Last>Christian</Last>
    <First>Jerrad Shane</First>
    <Suffix />
    <FilingType>C</FilingType>
    <StateDst>OH12</StateDst>
    <Year>2025</Year>
    <FilingDate>1/9/2025</FilingDate>
    <DocID>10063243</DocID>
  </Member>
  <Member>
    <Prefix>Hon.</Prefix>
    <Last>Cohen</Last>
    <First>Steve</First>
    <Suffix />
    <FilingType>P</FilingType>
    <StateDst>TN09</StateDst>
    <Year>2025</Year>
    <FilingDate>1/10/2025</FilingDate>
    <DocID>20026548</DocID>
  </Member>
  <Member>
    <Prefix>Hon.</Prefix>
    <Last>Collins</Last>
    <First>Michael A.</First>
    <Suffix />
    <FilingType>P</FilingType>
    <StateDst>GA10</StateDst>
    <Year>2025</Year>
    <FilingDate>1/1/2025</FilingDate>
    <DocID>20026489</DocID>
  </Member>
  <Member>
    <Prefix>Hon.</Prefix>
    <Last>Comer</Last>
    <First>James</First>
    <Suffix />
    <FilingType>P</FilingType>
    <StateDst>KY01</StateDst>
    <Year>2025</Year>
    <FilingDate>1/10/2025</FilingDate>
    <DocID>20018054</DocID>
  </Member>
  <Member>
    <Prefix>Hon.</Prefix>
    <Last>Curtis</Last>
    <First>John</First>
    <Suffix />
    <FilingType>E</FilingType>
    <StateDst>UT03</StateDst>
    <Year>2025</Year>
    <FilingDate>1/17/2025</FilingDate>
    <DocID>40003709</DocID>
  </Member>
  <Member>
    <Prefix>Hon.</Prefix>
    <Last>D'Esposito</Last>
    <First>Anthony P.</First>
    <Suffix />
    <FilingType>T</FilingType>
    <StateDst>NY04</StateDst>
    <Year>2025</Year>
    <FilingDate>1/28/2025</FilingDate>
    <DocID>10063320</DocID>
  </Member>
  <Member>
    <Prefix>Hon.</Prefix>
    <Last>Dingell</Last>
    <First>Debbie</First>
    <Suffix />
    <FilingType>P</FilingType>
    <StateDst>MI06</StateDst>
    <Year>2025</Year>
    <FilingDate>1/27/2025</FilingDate>
    <DocID>20026647</DocID>
  </Member>
  <Member>
    <Prefix>Hon.</Prefix>
    <Last>Doggett</Last>
    <First>Lloyd</First>
    <Suffix />
    <FilingType>P</FilingType>
    <StateDst>TX37</StateDst>
    <Year>2025</Year>
    <FilingDate>1/8/2025</FilingDate>
    <DocID>20026535</DocID>
  </Member>
  <Member>
    <Prefix>Hon.</Prefix>
    <Last>Duncan</Last>
    <First>Jeff</First>
    <Suffix />
    <FilingType>T</FilingType>
    <StateDst>SC03</StateDst>
    <Year>2025</Year>
    <FilingDate>1/22/2025</FilingDate>
    <DocID>10063270</DocID>
  </Member>
  <Member>
    <Prefix>Hon.</Prefix>
    <Last>Eshoo</Last>
    <First>Anna G.</First>
    <Suffix />
    <FilingType>T</FilingType>
    <StateDst>CA16</StateDst>
    <Year>2025</Year>
    <FilingDate>1/28/2025</FilingDate>
    <DocID>8220728</DocID>
  </Member>
  <Member>
    <Prefix>Hon.</Prefix>
    <Last>Foxx</Last>
    <First>Virginia</First>
    <Suffix />
    <FilingType>P</FilingType>
    <StateDst>NC05</StateDst>
    <Year>2025</Year>
    <FilingDate>1/6/2025</FilingDate>
    <DocID>20026516</DocID>
  </Member>
  <Member>
    <Prefix>Hon.</Prefix>
    <Last>Garcia</Last>
    <First>Michael</First>
    <Suffix />
    <FilingType>T</FilingType>
    <StateDst>CA27</StateDst>
    <Year>2025</Year>
    <FilingDate>1/8/2025</FilingDate>
    <DocID>10063229</DocID>
  </Member>
  <Member>
    <Prefix>Hon.</Prefix>
    <Last>Gottheimer</Last>
    <First>Josh</First>
    <Suffix />
    <FilingType>P</FilingType>
    <StateDst>NJ05</StateDst>
    <Year>2025</Year>
    <FilingDate>1/14/2025</FilingDate>
    <DocID>20026533</DocID>
  </Member>
  <Member>
    <Prefix>Hon.</Prefix>
    <Last>Green</Last>
    <First>Mark Dr</First>
    <Suffix />
    <FilingType>P</FilingType>
    <StateDst>TN07</StateDst>
    <Year>2025</Year>
    <FilingDate>1/13/2025</FilingDate>
    <DocID>20026538</DocID>
  </Member>
  <Member>
    <Prefix>Hon.</Prefix>
    <Last>Greene</Last>
    <First>Marjorie Taylor</First>
    <Suffix />
    <FilingType>P</FilingType>
    <StateDst>GA14</StateDst>
    <Year>2025</Year>
    <FilingDate>1/27/2025</FilingDate>
    <DocID>20026658</DocID>
  </Member>
  <Member>
    <Prefix>Mr.</Prefix>
    <Last>Hawn</Last>
    <First>Joel Derek</First>
    <Suffix />
    <FilingType>C</FilingType>
    <StateDst>TN03</StateDst>
    <Year>2025</Year>
    <FilingDate>1/27/2025</FilingDate>
    <DocID>10063312</DocID>
  </Member>
  <Member>
    <Prefix>Hon.</Prefix>
    <Last>Hern</Last>
    <First>Kevin</First>
    <Suffix />
    <FilingType>P</FilingType>
    <StateDst>OK01</StateDst>
    <Year>2025</Year>
    <FilingDate>1/15/2025</FilingDate>
    <DocID>20026597</DocID>
  </Member>
  <Member>
    <Prefix>Hon.</Prefix>
    <Last>Jackson</Last>
    <First>Jeff</First>
    <Suffix />
    <FilingType>X</FilingType>
    <StateDst>NC14</StateDst>
    <Year>2025</Year>
    <FilingDate>1/10/2025</FilingDate>
    <DocID>30022468</DocID>
  </Member>
  <Member>
    <Prefix>Hon.</Prefix>
    <Last>Jackson</Last>
    <First>Jonathan</First>
    <Suffix />
    <FilingType>P</FilingType>
    <StateDst>IL01</StateDst>
    <Year>2025</Year>
    <FilingDate>1/16/2025</FilingDate>
    <DocID>20026545</DocID>
  </Member>
  <Member>
    <Prefix>Hon.</Prefix>
    <Last>Kean</Last>
    <First>Thomas H.</First>
    <Suffix>Jr</Suffix>
    <FilingType>P</FilingType>
    <StateDst>NJ07</StateDst>
    <Year>2025</Year>
    <FilingDate>1/22/2025</FilingDate>
    <DocID>20026591</DocID>
  </Member>
  <Member>
    <Prefix>Hon.</Prefix>
    <Last>Keating</Last>
    <First>William R.</First>
    <Suffix />
    <FilingType>P</FilingType>
    <StateDst>MA09</StateDst>
    <Year>2025</Year>
    <FilingDate>1/15/2025</FilingDate>
    <DocID>20026556</DocID>
  </Member>
  <Member>
    <Prefix>Hon.</Prefix>
    <Last>Kelly</Last>
    <First>Mike</First>
    <Suffix />
    <FilingType>P</FilingType>
    <StateDst>PA16</StateDst>
    <Year>2025</Year>
    <FilingDate>1/9/2025</FilingDate>
    <DocID>20026550</DocID>
  </Member>
  <Member>
    <Prefix>Hon.</Prefix>
    <Last>Kildee</Last>
    <First>Daniel T.</First>
    <Suffix />
    <FilingType>T</FilingType>
    <StateDst>MI08</StateDst>
    <Year>2025</Year>
    <FilingDate>1/8/2025</FilingDate>
    <DocID>10063228</DocID>
  </Member>
  <Member>
    <Prefix>Hon.</Prefix>
    <Last>Kilmer</Last>
    <First>Derek</First>
    <Suffix />
    <FilingType>T</FilingType>
    <StateDst>WA06</StateDst>
    <Year>2025</Year>
    <FilingDate>1/27/2025</FilingDate>
    <DocID>10063259</DocID>
  </Member>
  <Member>
    <Prefix>Hon.</Prefix>
    <Last>Kuster</Last>
    <First>Ann M.</First>
    <Suffix />
    <FilingType>X</FilingType>
    <StateDst>NH02</StateDst>
    <Year>2025</Year>
    <FilingDate>1/16/2025</FilingDate>
    <DocID>30022475</DocID>
  </Member>
  <Member>
    <Prefix>Hon.</Prefix>
    <Last>Landsman</Last>
    <First>Greg</First>
    <Suffix />
    <FilingType>P</FilingType>
    <StateDst>OH01</StateDst>
    <Year>2025</Year>
    <FilingDate>1/15/2025</FilingDate>
    <DocID>20026551</DocID>
  </Member>
  <Member>
    <Prefix>Hon.</Prefix>
    <Last>Larsen</Last>
    <First>Rick</First>
    <Suffix />
    <FilingType>P</FilingType>
    <StateDst>WA02</StateDst>
    <Year>2025</Year>
    <FilingDate>1/14/2025</FilingDate>
    <DocID>20026587</DocID>
  </Member>
  <Member>
    <Prefix>Hon.</Prefix>
    <Last>Latta</Last>
    <First>Robert E.</First>
    <Suffix />
    <FilingType>P</FilingType>
    <StateDst>OH05</StateDst>
    <Year>2025</Year>
    <FilingDate>1/24/2025</FilingDate>
    <DocID>20026650</DocID>
  </Member>
  <Member>
    <Prefix>Hon.</Prefix>
    <Last>Lee</Last>
    <First>Barbara</First>
    <Suffix />
    <FilingType>X</FilingType>
    <StateDst>CA12</StateDst>
    <Year>2025</Year>
    <FilingDate>1/27/2025</FilingDate>
    <DocID>30022484</DocID>
  </Member>
  <Member>
    <Prefix>Hon.</Prefix>
    <Last>Lee</Last>
    <First>Laurel</First>
    <Suffix />
    <FilingType>P</FilingType>
    <StateDst>FL15</StateDst>
    <Year>2025</Year>
    <FilingDate>1/7/2025</FilingDate>
    <DocID>20026513</DocID>
  </Member>
  <Member>
    <Prefix>Hon.</Prefix>
    <Last>Manning</Last>
    <First>Kathy</First>
    <Suffix />
    <FilingType>P</FilingType>
    <StateDst>NC06</StateDst>
    <Year>2025</Year>
    <FilingDate>1/27/2025</FilingDate>
    <DocID>20026638</DocID>
  </Member>
  <Member>
    <Prefix>Hon.</Prefix>
    <Last>Manning</Last>
    <First>Kathy</First>
    <Suffix />
    <FilingType>X</FilingType>
    <StateDst>NC06</StateDst>
    <Year>2025</Year>
    <FilingDate>1/9/2025</FilingDate>
    <DocID>30022466</DocID>
  </Member>
  <Member>
    <Prefix>Hon.</Prefix>
    <Last>Nickel</Last>
    <First>Wiley</First>
    <Suffix />
    <FilingType>X</FilingType>
    <StateDst>NC13</StateDst>
    <Year>2025</Year>
    <FilingDate>1/22/2025</FilingDate>
    <DocID>30022477</DocID>
  </Member>
  <Member>
    <Prefix>Hon.</Prefix>
    <Last>Pelosi</Last>
    <First>Nancy</First>
    <Suffix />
    <FilingType>P</FilingType>
    <StateDst>CA11</StateDst>
    <Year>2025</Year>
    <FilingDate>1/17/2025</FilingDate>
    <DocID>20026590</DocID>
  </Member>
  <Member>
    <Prefix>Hon.</Prefix>
    <Last>Pence</Last>
    <First>Gregory J.</First>
    <Suffix />
    <FilingType>T</FilingType>
    <StateDst>IN06</StateDst>
    <Year>2025</Year>
    <FilingDate>1/27/2025</FilingDate>
    <DocID>10063314</DocID>
  </Member>
  <Member>
    <Prefix>Hon.</Prefix>
    <Last>Peters</Last>
    <First>Scott H.</First>
    <Suffix />
    <FilingType>P</FilingType>
    <StateDst>CA50</StateDst>
    <Year>2025</Year>
    <FilingDate>1/15/2025</FilingDate>
    <DocID>20026577</DocID>
  </Member>
  <Member>
    <Prefix>Hon.</Prefix>
    <Last>Phillips</Last>
    <First>Dean</First>
    <Suffix />
    <FilingType>X</FilingType>
    <StateDst>MN03</StateDst>
    <Year>2025</Year>
    <FilingDate>1/14/2025</FilingDate>
    <DocID>30022471</DocID>
  </Member>
  <Member>
    <Prefix>Hon.</Prefix>
    <Last>Porter</Last>
    <First>Katherine</First>
    <Suffix />
    <FilingType>T</FilingType>
    <StateDst>CA47</StateDst>
    <Year>2025</Year>
    <FilingDate>1/16/2025</FilingDate>
    <DocID>10063230</DocID>
  </Member>
  <Member>
    <Prefix>Hon.</Prefix>
    <Last>Reschenthaler</Last>
    <First>Guy Mr</First>
    <Suffix />
    <FilingType>P</FilingType>
    <StateDst>PA14</StateDst>
    <Year>2025</Year>
    <FilingDate>1/9/2025</FilingDate>
    <DocID>20026547</DocID>
  </Member>
  <Member>
    <Prefix>Hon.</Prefix>
    <Last>Rodgers</Last>
    <First>Cathy McMorris</First>
    <Suffix />
    <FilingType>T</FilingType>
    <StateDst>WA05</StateDst>
    <Year>2025</Year>
    <FilingDate>1/18/2025</FilingDate>
    <DocID>10063285</DocID>
  </Member>
  <Member>
    <Prefix>Hon.</Prefix>
    <Last>Ruppersberger</Last>
    <First>C. A. Dutch</First>
    <Suffix />
    <FilingType>T</FilingType>
    <StateDst>MD02</StateDst>
    <Year>2025</Year>
    <FilingDate>1/14/2025</FilingDate>
    <DocID>10063256</DocID>
  </Member>
  <Member>
    <Prefix>Hon.</Prefix>
    <Last>Sarbanes</Last>
    <First>John P.</First>
    <Suffix />
    <FilingType>T</FilingType>
    <StateDst>MD03</StateDst>
    <Year>2025</Year>
    <FilingDate>1/25/2025</FilingDate>
    <DocID>10063257</DocID>
  </Member>
  <Member>
    <Prefix>Hon.</Prefix>
    <Last>Self</Last>
    <First>Keith Alan</First>
    <Suffix />
    <FilingType>P</FilingType>
    <StateDst>TX03</StateDst>
    <Year>2025</Year>
    <FilingDate>1/23/2025</FilingDate>
    <DocID>8220731</DocID>
  </Member>
  <Member>
    <Prefix>Hon.</Prefix>
    <Last>Slotkin</Last>
    <First>Elissa</First>
    <Suffix />
    <FilingType>E</FilingType>
    <StateDst>MI07</StateDst>
    <Year>2025</Year>
    <FilingDate>1/17/2025</FilingDate>
    <DocID>40003710</DocID>
  </Member>
  <Member>
    <Prefix>Hon.</Prefix>
    <Last>Spanberger</Last>
    <First>Abigail</First>
    <Suffix />
    <FilingType>T</FilingType>
    <StateDst>VA07</StateDst>
    <Year>2025</Year>
    <FilingDate>1/11/2025</FilingDate>
    <DocID>10063255</DocID>
  </Member>
  <Member>
    <Prefix />
    <Last>Sparrow</Last>
    <First>Steven</First>
    <Suffix />
    <FilingType>C</FilingType>
    <StateDst>CA29</StateDst>
    <Year>2025</Year>
    <FilingDate>1/23/2025</FilingDate>
    <DocID>10063299</DocID>
  </Member>
  <Member>
    <Prefix>Hon.</Prefix>
    <Last>Steel</Last>
    <First>Michelle</First>
    <Suffix />
    <FilingType>X</FilingType>
    <StateDst>CA45</StateDst>
    <Year>2025</Year>
    <FilingDate>1/23/2025</FilingDate>
    <DocID>30022480</DocID>
  </Member>
  <Member>
    <Prefix>Hon.</Prefix>
    <Last>Trone</Last>
    <First>David</First>
    <Suffix />
    <FilingType>X</FilingType>
    <StateDst>MD06</StateDst>
    <Year>2025</Year>
    <FilingDate>1/14/2025</FilingDate>
    <DocID>30022472</DocID>
  </Member>
  <Member>
    <Prefix />
    <Last>Tyler</Last>
    <First>John Wesley</First>
    <Suffix />
    <FilingType>C</FilingType>
    <StateDst>CA04</StateDst>
    <Year>2025</Year>
    <FilingDate>1/16/2025</FilingDate>
    <DocID>10063277</DocID>
  </Member>
  <Member>
    <Prefix>Hon.</Prefix>
    <Last>Waltz</Last>
    <First>Michael</First>
    <Suffix />
    <FilingType>P</FilingType>
    <StateDst>FL06</StateDst>
    <Year>2025</Year>
    <FilingDate>1/23/2025</FilingDate>
    <DocID>20026639</DocID>
  </Member>
  <Member>
    <Prefix>Hon.</Prefix>
    <Last>Wexton</Last>
    <First>Jennifer</First>
    <Suffix />
    <FilingType>X</FilingType>
    <StateDst>VA10</StateDst>
    <Year>2025</Year>
    <FilingDate>1/22/2025</FilingDate>
    <DocID>30022478</DocID>
  </Member>
  <Member>
    <Prefix>Hon.</Prefix>
    <Last>Wild</Last>
    <First>Susan</First>
    <Suffix />
    <FilingType>X</FilingType>
    <StateDst>PA07</StateDst>
    <Year>2025</Year>
    <FilingDate>1/15/2025</FilingDate>
    <DocID>30022473</DocID>
  </Member>
  <Member>
    <Prefix>Hon.</Prefix>
    <Last>Williams</Last>
    <First>Brandon McDonald</First>
    <Suffix />
    <FilingType>X</FilingType>
    <StateDst>NY22</StateDst>
    <Year>2025</Year>
    <FilingDate>1/24/2025</FilingDate>
    <DocID>30022483</DocID>
  </Member>
  <Member>
    <Prefix>Hon.</Prefix>
    <Last>Yakym</Last>
    <First>Rudy C.</First>
    <Suffix>III</Suffix>
    <FilingType>P</FilingType>
    <StateDst>IN02</StateDst>
    <Year>2025</Year>
    <FilingDate>1/28/2025</FilingDate>
    <DocID>20026666</DocID>
  </Member>
</FinancialDisclosure>